ALMOXARIFADO DE PEÇAS — CHEVROLET ASTRA GL 1.8 C18NE;;;;;;;;;;;;;;CONTROLE FINANCEIRO DO ESTOQUE;;;;;;;
Controle de estoque, custos, localização e reposição — valores preenchidos conforme itens enviados nas imagens.;;;;;;;;;;;;;;;;;;;;;
;;;;;;;;;;;;;;TOTAL GASTO / VALOR DO ESTOQUE;;;;;;;
Total de itens cadastrados;;;Valor total em estoque;;;Itens para comprar;;;Itens cadastrados;;;;;GASTO REAL ACUMULADO;;;;;;;
50;;;532,36;R$ 532,36;;8;;;16;;;;;R$ 532,36;;;;;;;
;;;;;;;;;;;;;;8;;;;;;;
ID;Sistema;Peça / Material;Especificação;Aplicação;Código OEM / Part Number;Marca / Modelo;Unid.;Estoque mínimo;Qtd. em estoque;Custo unitário (R$);Valor em estoque (R$);Status / Ação;;ITENS CADASTRADOS;;;;;;;
ALM-001;Arrefecimento;Válvula termostática 82 °C;MAHLE TI 337 82D;Astra GL 1.8 C18NE;;MAHLE;un;1;1;R$ 75,00;R$ 75,00;OK;;16;;;;;;;
ALM-002;Ignição;Jogo de velas de ignição (4 un.);"Jogo com 4 velas; especificação conforme aplicação";Astra GL 1.8 C18NE;;BOSCH;jogo;1;1;R$ 64,07;R$ 64,07;OK;;ITENS PARA COMPRAR;;;;;;;
ALM-003;Interior/Painel;Moldura painel rádio 1 DIN / 2 DIN;"Moldura preta; conferir encaixe";Astra 1998–2012;;Aftermarket;un;1;1;R$ 209,76;R$ 209,76;OK;;8;;;;;;;
ALM-004;Interior/Transmissão;Coifa/base da alavanca de câmbio;"Coifa preta + base/aro; compatível Astra 2000";Chevrolet Astra 2000 1.8 GL 3p;;Aftermarket;un;1;0;R$ 24,90;R$ 0,00;COMPRAR;;;;;;;;;
ALM-005;Lubrificação;Filtro de óleo com válvula antirretorno;"MANN-FILTER W7; filtro GM com válvula antirretorno";Chevrolet Astra 2000 1.8 C18NE;W7;MANN-FILTER;un;1;0;R$ 24,99;R$ 0,00;COMPRAR;;HISTÓRICO DE COMPRAS / ADIÇÕES;;;;;;;
ALM-006;Lubrificação;Óleo do motor 15W-40;"Kit 5 litros; semissintético; API SL";Chevrolet Astra 2000 1.8 C18NE;;Mobil Super;kit;1;0;R$ 182,43;R$ 0,00;COMPRAR;;Data;ID;Peça;Qtd.;Custo unit. (R$);Gasto (R$);Fornecedor;Observação
ALM-007;;;;;;;un;;;;;;;2026-09-15;ALM-001;Válvula termostática MAHLE TI 337 82D;1;75;R$ 75,00;Compra realizada;
ALM-007;Arrefecimento;Limpa radiador;Würth 250 ml — limpeza do sistema de arrefecimento;Astra GL 1.8 C18NE;;Würth;un;1;1;R$ 26,35;R$ 26,35;OK;;2026-09-15;ALM-002;Jogo de velas BOSCH;1;64,07;R$ 64,07;Compra realizada;
ALM-008;Arrefecimento;Kit mangueiras do radiador;Kit de mangueiras + respiro/tubo/bomba d'água;Astra 2000 1.8;;Aftermarket;kit;1;0;R$ 296,91;R$ 0,00;COMPRAR;;2026-09-15;ALM-003;Moldura painel rádio 1/2 DIN;1;209,76;R$ 209,76;Compra realizada;
ALM-009;Arrefecimento;Água desmineralizada;H2O TECH — 15 litros;Sistema de arrefecimento;;BiosTerra;kit;1;0;R$ 52,90;R$ 0,00;COMPRAR;;2026-09-15;ALM-007;Limpa radiador Würth 250 ml;1;26,35;R$ 26,35;Compra realizada;
ALM-010;Arrefecimento;Aditivo do radiador pronto para uso;Rosa — 1 litro — pronto para usar;Astra GL 1.8 C18NE;19525818;ACDelco;un;1;1;R$ 20,72;R$ 20,72;OK;;2026-09-15;ALM-014;Água desmineralizada Radnaq 5 L;1;28,62;R$ 28,62;Compra realizada;
ALM-011;Arrefecimento;Aditivo do radiador concentrado;Rosa — concentrado — kit 3 litros (3 x 1 L);Astra GL 1.8 C18NE;19525817;ACDelco;kit 3L;1;1;R$ 86,34;R$ 86,34;OK;;2026-09-15;ALM-010;Aditivo radiador ACDelco pronto uso 1 L;1;20,72;R$ 20,72;Compra realizada;
ALM-012;Ignição;Jogo de cabos de vela;Cabos de vela Gas Flex / supressivo magnético;Astra 2000 1.8;;ACDelco;jogo;1;0;R$ 124,78;R$ 0,00;COMPRAR;;2026-09-15;ALM-011;Aditivo radiador ACDelco concentrado 3 L;1;86,34;R$ 86,34;Compra realizada;
ALM-013;Interior/Transmissão;Manopla / bola do câmbio;Manopla preta — conferir modelo de 5 marchas e encaixe;Astra 2000;;Aftermarket;un;1;0;;;COMPRAR;;27/09/2026;ALM-017;Tampa reservatório parabrisa;1;21,5;R$ 21,50;Compra realizada;
ALM-014;Arrefecimento;Água desmineralizada;Radnaq — água desmineralizada/deionizada — galão 5 L;Astra GL 1.8 C18NE;;Radnaq;galão 5 L;1;1;R$ 28,62;R$ 28,62;OK;;;;;;;;;
ALM-016;Interior/Porta Mala;Tampão;Tampão Porta Mala;;;;un;1;0;R$ 149,00;R$ 0,00;COMPRAR;;;;;;;;;
ALM-017;Arrefecimento;Tampa reservatório parabrisa;Tampa reservatório parabrisa;;;;un;1;1;R$ 21,50;R$ 21,50;OK;;;;;;;;;
ALM-018;;;;;;;un;;;;;;;;;;;;;;
ALM-019;;;;;;;un;;;;;;;;;;;;;;
ALM-020;;;;;;;un;;;;;;;;;;;;;;
ALM-021;;;;;;;un;;;;;;;;;;;;;;
ALM-022;;;;;;;un;;;;;;;;;;;;;;
ALM-023;;;;;;;un;;;;;;;;;;;;;;
ALM-024;;;;;;;un;;;;;;;;;;;;;;
ALM-025;;;;;;;un;;;;;;;;;;;;;;
ALM-026;;;;;;;un;;;;;;;;;;;;;;
ALM-027;;;;;;;un;;;;;;;;;;;;;;
ALM-028;;;;;;;un;;;;;;;;;;;;;;
ALM-029;;;;;;;un;;;;;;;;;;;;;;
ALM-030;;;;;;;un;;;;;;;;;;;;;;
ALM-031;;;;;;;un;;;;;;;;;;;;;;
ALM-032;;;;;;;un;;;;;;;;;;;;;;
ALM-033;;;;;;;un;;;;;;;;;;;;;;
ALM-034;;;;;;;un;;;;;;;;;;;;;;
ALM-035;;;;;;;un;;;;;;;;;;;;;;
ALM-036;;;;;;;un;;;;;;;;;;;;;;
ALM-037;;;;;;;un;;;;;;;TOTAL ACUMULADO DE COMPRAS LANÇADAS;;;;;;;
ALM-038;;;;;;;un;;;;;;;R$ 532,36;;;;;;;
ALM-039;;;;;;;un;;;;;;;;;;;;;;
ALM-040;;;;;;;un;;;;;;;Como usar: a cada nova compra, lance Data, ID, Peça, Qtd. e Custo unitário. O gasto do lançamento e o total acumulado serão calculados automaticamente.;;;;;;;
ALM-041;;;;;;;un;;;;;;;;;;;;;;
ALM-042;;;;;;;un;;;;;;;SOMA DOS CUSTOS UNITÁRIOS CADASTRADOS;;;;;;;
ALM-043;;;;;;;un;;;;;;;R$ 1.388,27;;;;;;;
ALM-044;;;;;;;un;;;;;;;;;;;;;;
ALM-045;;;;;;;un;;;;;;;CUSTO ESTIMADO — COMPRAS FUTURAS (PREÇOS CONHECIDOS);;;;;;;
ALM-046;;;;;;;un;;;;;;;R$ 855,91;;;;;;;
ALM-047;;;;;;;un;;;;;;;;;;;;;;
ALM-048;;;;;;;un;;;;;;;;;;;;;;
ALM-049;;;;;;;un;;;;;;;;;;;;;;
ALM-050;;;;;;;un;;;;;;;;;;;;;;
