ID;Sistema;Prioridade;Peça;Aplicação;Qtde;Código GM / OEM;Marca / código equivalente;Compra recomendada;Custo estimado (R$);Custo real (R$);Comprado?;Instalado?;Observações;Preço ref. atual (R$);Fonte/preço pesquisado;Frete incluso?;Data da pesquisa;Faixa de orçamento (R$);Observação de preço;
P001;Arrefecimento;P1 — CRÍTICA;Válvula termostática 82 °C;Astra 1.8 8V C18NE;1;93277347 / 93225280 / 93258737;MAHLE TX33782D / MTE VT361.82 / Wahler 4184/87;Confirmar código e vedação na embalagem/listagem;R$ 75,00;R$ 75,00;Não;Não;Aplicação deve ser conferida para C18NE 2000.;R$ 75,00;Mercado Livre — Mahle 82 °C;Não informado;13/09/2026;R$ 65,00;R$ 90,00;Confirmar TX33782D e vedação para C18NE.
P002;Arrefecimento;P1 — CRÍTICA;O-ring/junta da termostática;C18NE;1;A confirmar;A confirmar;Comprar junto com a válvula;;;Não;Não;Não usar vedação antiga.;;;;;;;
P003;Arrefecimento;P1 — CRÍTICA;Bomba d'água;C18NE;1;90448047 / 90466344 / 93284725;Pierburg 7.14152.26.0;"Preferir marca premium; confirmar aplicação";;;Não;Não;Troca recomendada junto da distribuição se histórico desconhecido.;R$ 92,21;Nova Chevrolet — ACDelco 25 dentes;Não informado;13/09/2026;R$ 90,00;R$ 180,00;"Preço é de bomba ACDelco listada para Astra; confirmar código/aplicação exata antes da compra."
P004;Distribuição;P1 — CRÍTICA;Kit correia dentada + tensor;C18NE;1;A confirmar;Dayco KTB254 / ContiTech CT866K1 / Gates KS302 / INA 530014710;Confirmar número de dentes e aplicação pelo catálogo;;;Não;Não;Não comprar apenas pela descrição genérica 'Astra 1.8'.;R$ 169,90;MercadoCar — Dayco KTB254;Não informado;13/09/2026;R$ 170,00;R$ 260,00;"Kit correia + tensor; aplicação Astra 1.8 8V."
P005;Distribuição;P2 — ALTA;Correia de acessórios;C18NE;1;A confirmar;A confirmar;Medir/comparar código da correia instalada;;;Não;Não;Confirmar comprimento e perfil.;R$ 87,43;Mercado Livre — Dayco;Não informado;13/09/2026;R$ 70,00;R$ 110,00;Confirmar código exato da correia pelo conjunto instalado.
P006;Lubrificação;P1 — CRÍTICA;Filtro de óleo;C18NE;1;A confirmar;MANN W 712/22;MANN/Mahle/Fram/Bosch/ACDelco de linha equivalente;;;Não;Não;Código MANN informado no catálogo consultado.;R$ 38,00;Referência MANN / varejo;Não informado;13/09/2026;R$ 30,00;R$ 55,00;"Preço de referência; confirmar W712/22 no anúncio antes da compra."
P007;Filtros;P2 — ALTA;Filtro de ar;C18NE;1;A confirmar;MANN C 30130/3;MANN/Mahle/Fram/Bosch/ACDelco equivalente;;;Não;Não;Código MANN informado no catálogo consultado.;R$ 37,99;Mercado Livre — MANN C30130/3;Não informado;13/09/2026;R$ 35,00;R$ 50,00;Preço encontrado para o código C30130/3.
P008;Filtros;P2 — ALTA;Filtro de combustível;C18NE;1;A confirmar;MANN WK 58;MANN/Mahle/Fram/Bosch/ACDelco equivalente;;;Não;Não;Código MANN informado no catálogo consultado.;R$ 22,60;Mercado Livre — MANN WK58/3;Não informado;13/09/2026;R$ 20,00;R$ 35,00;"Preço encontrado para família WK58; confirmar código completo."
P009;Ignição;P2 — ALTA;Velas de ignição;C18NE;4;A confirmar;NGK/Bosch — especificação a confirmar;Comprar somente após confirmar aplicação exata;R$ 64,07;R$ 64,07;Não;Não;Não misturar códigos de motores posteriores.;R$ 99,94;Accioly GM — jogo NGK;Não informado;13/09/2026;R$ 100,00;R$ 150,00;"Anúncio para Astra 1.8 8V gasolina; confirmar código da vela."
P010;Arrefecimento;P1 — CRÍTICA;Aditivo long life concentrado;Sistema ~7 L;3,5;A confirmar;ACDelco Long Life / equivalente conforme especificação;"Concentrado; completar com água desmineralizada";;;Não;Não;Referência de mistura: 50/50 para carga completa.;R$ 35,64;Mercado Livre — ACDelco Long Life concentrado 1 L;Não informado;13/09/2026;R$ 30,00;R$ 45,00;Para mistura 50/50, referência de ~3,5 L concentrado.
P011;Arrefecimento;P1 — CRÍTICA;Água desmineralizada;Sistema ~7 L;3,5;—;—;Usar desmineralizada/destilada/deionizada;;;Não;Não;Quantidade real após drenagem pode ser menor.;R$ 11,67;Nova Chevrolet — água desmineralizada 5 L;Não informado;13/09/2026;R$ 12,00;R$ 20,00;Uma embalagem de 5 L atende a carga prevista.
P012;Freios;P1 — CRÍTICA;Fluido de freio;Sistema;1;A confirmar;A confirmar;Confirmar especificação no manual/tampa do reservatório;;;Não;Não;Troca completa + sangria.;R$ 57,12;Nova Chevrolet — ACDelco DOT4 500 ml;Não informado;13/09/2026;R$ 40,00;R$ 80,00;Confirmar especificação no veículo antes da compra.
P013;Pneus;P1 — CRÍTICA;Pneu 185/65 R14;Quatro rodas;4;—;A escolher;Padronizar os quatro após confirmar medida homologada;;;Não;Não;Laudo encontrou 185/65 R14 na dianteira e 175/65 R14 na traseira.;R$ 329,90;PneuStore — Barum 185/65 R14 86H;Não informado;13/09/2026;R$ 280,00;R$ 480,00;"Preço por pneu; conjunto de 4 estimado em R$ 1.319,60."
P014;Painel;P3 — MÉDIA;Display/multifunction indicator central;Astra 2000;1;09138297 / 24435539;Original GM usado/recondicionado;Fotografar conector antes da compra;;;Não;Não;Não comprar 94705798: aplicação é de anos posteriores.;R$ 500,00;Referência de mercado para usado — display Astra 1999–2001;Não informado;13/09/2026;R$ 400,00;R$ 650,00;"Estimativa; confirmar conector e código 09138297/24435539."
P015;Interior;P3 — MÉDIA;Tampa do porta-luvas;Astra 2000;1;A confirmar;Original usada / aftermarket;Comprar após conferir cor/acabamento;;;Não;Não;Laudo aponta tampa quebrada.;R$ 120,00;Estimativa de mercado;Não informado;13/09/2026;R$ 80,00;R$ 200,00;"Peça usada; preço varia muito por estado/cor."
P016;Interior;P4 — BAIXA;Coifa do câmbio;Astra 2000;1;A confirmar;Original / aftermarket;Escolher acabamento próximo ao original;;;Não;Não;Laudo aponta coifa ruim.;R$ 70,00;Estimativa de mercado;Não informado;13/09/2026;R$ 40,00;R$ 120,00;"Acabamento; confirmar modelo."
P017;Interior/Painel;P3 — MÉDIA;Moldura painel rádio 1 DIN / 2 DIN;Astra 1998–2012;1;A confirmar;Aftermarket / Carroussel Auto;Conferir cor, acabamento e encaixe antes da compra;R$ 209,76;R$ 209,76;;;;;;;;;;
